Source,Target
r1,m1
m1,r2
m2,r2
m2,r4
r8,m2
r13,m2
m2,r16
m2,r17
m2,r26
m2,r31
r2,m3
m3,r3
m3,r18
r2,m4
r4,m4
m4,r8
m4,r13
r16,m4
r17,m4
m4,r32
r3,m5
m5,r4
r25,m5
r27,m5
r4,m6
m6,r5
r5,m7
r6,m7
m7,r7
r24,m7
m7,r25
r27,m7
r5,m8
m8,r6
m9,r7
r10,m9
r16,m9
r28,m9
m10,r7
r14,m10
r7,m11
m11,r8
m11,r9
r7,m12
m12,r14
r8,m13
r10,m13
m13,r11
r9,m14
m14,r10
r34,m14
r11,m15
m15,r12
r12,m16
m16,r13
r13,m17
m17,r14
m17,r15
r30,m17
r14,m18
r15,m18
r29,m18
m19,r15
r18,m19
r19,m19
m19,r20
r36,m19
r38,m19
r15,m20
m20,r18
m20,r19
r20,m20
r35,m20
r37,m20
m21,r17
r33,m21
r17,m22
r32,m22
r18,m23
m23,r19
r19,m24
m24,r22
m24,r23
m25,r20
r21,m25
r20,m26
m26,r21
r22,m27
m27,r24
m27,r27
r23,m28
m28,r24
m28,r26
r24,m29
m29,r25
r25,m30
m30,r27
r26,m31
m31,r33
r31,m32
r31,m33
r32,m33
r33,m33
r34,m33
m34,r34
m35,r35
r35,m36
r36,m36
m37,r36
m38,r37
r37,m39
r38,m39
m40,r38
r26,e1
e2,r29
e3,r30
e4,r1
e5,r28
